<License_feature><Private_use_terms><Access_source_code>True</Access_source_code><Use_software>True</Use_software><Copy_software>True</Copy_software><Modify_software>True</Modify_software></Private_use_terms><Modification_terms><Track_contirbutions><Mention_modification_date_in_a_notice>None</Mention_modification_date_in_a_notice><Mention_developer_name>None</Mention_developer_name><Mention_made_modification_in_a_notice>None</Mention_made_modification_in_a_notice><Notify_software_community_with_the_made_modification>None</Notify_software_community_with_the_made_modification><Rename_modified_software>None</Rename_modified_software><Mark_modified_source_versions>None</Mark_modified_source_versions></Track_contirbutions><Make_modification_accessible><Share_through_technological_medium>None</Share_through_technological_medium><Include_modification_in_the_standard_version_or_future_versions>None</Include_modification_in_the_standard_version_or_future_versions><Make_arrangement_with_copyright_holder>None</Make_arrangement_with_copyright_holder><Send_unpublished_modifications_to_initial_developer>None</Send_unpublished_modifications_to_initial_developer></Make_modification_accessible></Modification_terms><Coping_terms><Include_copy_of_the_license>True</Include_copy_of_the_license><Include_copyright_notice>True</Include_copyright_notice><Include_notice>None</Include_notice><Include_attributions><Include_acknowledgement_to_license_creator>None</Include_acknowledgement_to_license_creator><Include_initial_developer_name>None</Include_initial_developer_name></Include_attributions><Include_third_party_intellectual_property_claims>None</Include_third_party_intellectual_property_claims><Mention_disclaimer_of_warranty_and_limitation_of_liability>True</Mention_disclaimer_of_warranty_and_limitation_of_liability><Mention_disclaimer_of_high_risk_activities>None</Mention_disclaimer_of_high_risk_activities></Coping_terms><Distribution_terms><Distributed_product_form><Object_code>True</Object_code><Source_code>True</Source_code></Distributed_product_form><Support_for_source_code><Physical_meduim>None</Physical_meduim><Network_server><Mean_of_access><Directions>None</Directions><Link>None</Link></Mean_of_access><Period_of_access><Available_at_least_six_months>None</Available_at_least_six_months><Available_as_much_as_the_code_is_deployed>None</Available_as_much_as_the_code_is_deployed><Available_at_least_twelve_months>None</Available_at_least_twelve_months><Available_at_least_three_years>None</Available_at_least_three_years></Period_of_access></Network_server><Peer_to_peer>None</Peer_to_peer></Support_for_source_code><Distributed_product_nature><Library>None</Library><Combined_work_with_a_library>None</Combined_work_with_a_library><Combined_work_with_a_framework>None</Combined_work_with_a_framework><Whole_software>True</Whole_software><Portion_of_software>None</Portion_of_software><File_containing_code_from_the_software>None</File_containing_code_from_the_software></Distributed_product_nature><Distribution_requirements><Provide_the_source_code_of_software_when_it_is_shared_over_network>None</Provide_the_source_code_of_software_when_it_is_shared_over_network><Provide_the_base_elements_required_to_build_source_code>None</Provide_the_base_elements_required_to_build_source_code><Provide_source_code_of_the_library><Accompany_the_work_with_written_offer>None</Accompany_the_work_with_written_offer><Accompany_the_work_with_source_code_of_library>None</Accompany_the_work_with_source_code_of_library><Offer_access_to_a_copy>None</Offer_access_to_a_copy></Provide_source_code_of_the_library><Link_the_library_with_suitable_shared_mechanism>None</Link_the_library_with_suitable_shared_mechanism><Provide_installation_information>None</Provide_installation_information><The_recipient_can_identify_the_contributor>None</The_recipient_can_identify_the_contributor></Distribution_requirements></Distribution_terms><License_modification_terms><Allow_to_add_terms><Add_predefined_terms><Permissive_terms><Disclaiming_warranty_or_limiting_liability_differently>None</Disclaiming_warranty_or_limiting_liability_differently><Requiring_preservation_of_legal_notices_or_author_attributions_in_the_added_work_to_the_software>None</Requiring_preservation_of_legal_notices_or_author_attributions_in_the_added_work_to_the_software><Prohibiting_misrepresentation_of_the_added_work_to_the_software>None</Prohibiting_misrepresentation_of_the_added_work_to_the_software><Limiting_the_use_for_publicity_purposes_of_names_of_licensors_or_authors_of_the_added_work_to_the_software>None</Limiting_the_use_for_publicity_purposes_of_names_of_licensors_or_authors_of_the_added_work_to_the_software><Declining_to_grant_rights_of_trademarks>None</Declining_to_grant_rights_of_trademarks><Requiring_indemnification_of_licensors_and_authors_of_added_work_to_software_by_its_distributor>None</Requiring_indemnification_of_licensors_and_authors_of_added_work_to_software_by_its_distributor></Permissive_terms><Applicable_parts><Applicable_to_a_part_of_the_program>None</Applicable_to_a_part_of_the_program><Applicable_to_the_whole_program>None</Applicable_to_the_whole_program></Applicable_parts></Add_predefined_terms><Add_non_predefined_terms>None</Add_non_predefined_terms></Allow_to_add_terms><Allow_to_modify_terms>None</Allow_to_modify_terms></License_modification_terms><Tolerance_licenses_terms><Basics_of_tolerance_licenses><Have_to_release_unmodified_software_under_same_license>True</Have_to_release_unmodified_software_under_same_license><Can_release_unmodified_software_under_another_compatible_license>None</Can_release_unmodified_software_under_another_compatible_license><Have_to_release_modified_software_under_same_license>True</Have_to_release_modified_software_under_same_license><Can_release_modified_software_under_another_compatible_license>None</Can_release_modified_software_under_another_compatible_license><Can_link_or_combine_the_software_with_software_released_under_another_license>True</Can_link_or_combine_the_software_with_software_released_under_another_license><Can_release_combined_software_under_another_license>True</Can_release_combined_software_under_another_license></Basics_of_tolerance_licenses><Additional_tolerance_licenses><Can_release_object_code_under_another_license>None</Can_release_object_code_under_another_license><Can_release_modified_software_under_multiple_licenses>None</Can_release_modified_software_under_multiple_licenses><Have_to_release_file_containing_code_from_the_software_under_same_license>None</Have_to_release_file_containing_code_from_the_software_under_same_license></Additional_tolerance_licenses><Tolerance_license_exceptions><Incompatibility_exception><Is_Incompatible_With_AGPL3>None</Is_Incompatible_With_AGPL3><Is_Incompatible_With_GPL2>None</Is_Incompatible_With_GPL2><Is_Incompatible_With_GPL3>None</Is_Incompatible_With_GPL3><Is_Incompatible_With_LGPL2.1>None</Is_Incompatible_With_LGPL2.1><Is_Incompatible_With_LGPL3>None</Is_Incompatible_With_LGPL3></Incompatibility_exception><Compatibility_exception><Is_Compatible_With_AGPL3>None</Is_Compatible_With_AGPL3><Is_Compatible_With_GPL3>None</Is_Compatible_With_GPL3><Is_Compatible_With_GPL2>None</Is_Compatible_With_GPL2><Is_Compatible_With_OSL2.1>None</Is_Compatible_With_OSL2.1><Is_Compatible_With_OSL3>None</Is_Compatible_With_OSL3><Is_Compatible_With_CECILL2.1>None</Is_Compatible_With_CECILL2.1><Is_Compatible_With_LiLiQ-R-1.1>None</Is_Compatible_With_LiLiQ-R-1.1><Is_Compatible_With_LGPL3>None</Is_Compatible_With_LGPL3><Is_Compatible_With_LGPL2.1>None</Is_Compatible_With_LGPL2.1><Is_Compatible_With_MPL2>None</Is_Compatible_With_MPL2><Is_Compatible_With_CPL1>None</Is_Compatible_With_CPL1><Is_Compatible_With_EPL1>None</Is_Compatible_With_EPL1><Is_Compatible_With_CDDL>None</Is_Compatible_With_CDDL><Is_Compatible_With_AFL>None</Is_Compatible_With_AFL><Is_Compatible_With_Apache>None</Is_Compatible_With_Apache><Is_Compatible_With_APSL>None</Is_Compatible_With_APSL><Is_Compatible_With_Artistic>None</Is_Compatible_With_Artistic><Is_Compatible_With_AAL>None</Is_Compatible_With_AAL><Is_Compatible_With_BSD>None</Is_Compatible_With_BSD><Is_Compatible_With_Eiffel>None</Is_Compatible_With_Eiffel><Is_Compatible_With_IBM>None</Is_Compatible_With_IBM><Is_Compatible_With_Intel>None</Is_Compatible_With_Intel><Is_Compatible_With_Jabber>None</Is_Compatible_With_Jabber><Is_Compatible_With_MIT>None</Is_Compatible_With_MIT><Is_Compatible_With_MITRE>None</Is_Compatible_With_MITRE><Is_Compatible_With_Motosoto>None</Is_Compatible_With_Motosoto><Is_Compatible_With_MPL1>None</Is_Compatible_With_MPL1><Is_Compatible_With_MPL1.1>None</Is_Compatible_With_MPL1.1><Is_Compatible_With_Nokia>None</Is_Compatible_With_Nokia><Is_Compatible_With_OGTSL>None</Is_Compatible_With_OGTSL><Is_Compatible_With_Python>None</Is_Compatible_With_Python><Is_Compatible_With_RSCPL>None</Is_Compatible_With_RSCPL><Is_Compatible_With_SISSL>None</Is_Compatible_With_SISSL><Is_Compatible_With_SPL>None</Is_Compatible_With_SPL><Is_Compatible_With_NCSA>None</Is_Compatible_With_NCSA><Is_Compatible_With_VSL>None</Is_Compatible_With_VSL><Is_Compatible_With_W3C>None</Is_Compatible_With_W3C><Is_Compatible_With_X.Net>None</Is_Compatible_With_X.Net><Is_Compatible_With_ZPL>None</Is_Compatible_With_ZPL><Is_Compatible_With_Zlib>None</Is_Compatible_With_Zlib><Is_Compatible_With_CERN-S>None</Is_Compatible_With_CERN-S><Is_Compatible_With_CERN-W>None</Is_Compatible_With_CERN-W></Compatibility_exception></Tolerance_license_exceptions><Sublicense_tolerance_terms><Grant_license_to_software>None</Grant_license_to_software><Extend_license_to_software>None</Extend_license_to_software></Sublicense_tolerance_terms></Tolerance_licenses_terms><License_termination_terms><Termination_cause><License_terms_infringement>None</License_terms_infringement><Patent_litigation><Against_contributor>None</Against_contributor><Against_any_entity>None</Against_any_entity><Against_licensor>None</Against_licensor></Patent_litigation><Inconsistency_with_regulations>None</Inconsistency_with_regulations></Termination_cause><Termination_consequence><Require_to_include_limitations_and_affected_code_in_software_copies>None</Require_to_include_limitations_and_affected_code_in_software_copies><Make_a_payment_arrangement>None</Make_a_payment_arrangement><Terminate_license>None</Terminate_license><Terminate_patent>None</Terminate_patent></Termination_consequence></License_termination_terms><Litigation_terms><Licensee_shall_claim_compensation_for_any_loss_proved_against_the_licensor>None</Licensee_shall_claim_compensation_for_any_loss_proved_against_the_licensor><Legal_entity_indemnify_their_contributors>None</Legal_entity_indemnify_their_contributors><Prevailing_party_shall_recover_attorneys_fees_and_costs>None</Prevailing_party_shall_recover_attorneys_fees_and_costs></Litigation_terms><Protection_terms><Prohibit_using_trademarks>True</Prohibit_using_trademarks><Protect_users_legal_rights_from_anti_circumvention_law><Forbid_tivoization>None</Forbid_tivoization><Forbid_digital_management_rights>None</Forbid_digital_management_rights></Protect_users_legal_rights_from_anti_circumvention_law></Protection_terms><Articulation_with_patent_terms><Distribution_with_patent_terms><Do_not_distribute_software_if_patent_and_licenses_are_inconsistent>None</Do_not_distribute_software_if_patent_and_licenses_are_inconsistent><May_exclude_countries_if_distribution_or_use_is_restricted_in_them>None</May_exclude_countries_if_distribution_or_use_is_restricted_in_them></Distribution_with_patent_terms><Patent_grant><Grant_patent_license_to_user>None</Grant_patent_license_to_user><Grant_patent_license_to_institution_and_universities>None</Grant_patent_license_to_institution_and_universities></Patent_grant></Articulation_with_patent_terms><Charging_terms><May_charge_a_fee_for_warranty_protection>None</May_charge_a_fee_for_warranty_protection><May_charge_an_unlimited_amount_for_copy_transfer>None</May_charge_an_unlimited_amount_for_copy_transfer><May_charge_fees_for_copy_transfer_not_exceeding_source_distribution>True</May_charge_fees_for_copy_transfer_not_exceeding_source_distribution><May_charge_the_value_added_services>None</May_charge_the_value_added_services></Charging_terms></License_feature>