<License_feature name="template">
  <Private_use_terms>
    <Access_source_code tooltiptext="Source code must be available while using the
software privately without distributing it">
      True
    </Access_source_code>
    <Use_software tooltiptext="You may use the software without distributing it">
      True
    </Use_software>
    <Copy_software tooltiptext="You may copy the software without distributing it">
      True
    </Copy_software>
    <Modify_software tooltiptext="You may modify the software without distributing it">
      True
    </Modify_software>
  </Private_use_terms>
  <Modification_terms>
    <Track_contirbutions tooltiptext="">
      <Mention_modification_date_in_a_notice tooltiptext="Indicate the date of changes made to the code">
        None
      </Mention_modification_date_in_a_notice>
      <Mention_developer_name tooltiptext="Indicate the name of the developer who changes the code">
        None
      </Mention_developer_name>
      <Mention_made_modification_in_a_notice tooltiptext="Indicate changes made to the code">
        None
      </Mention_made_modification_in_a_notice>
      <Notify_software_community_with_the_made_modification tooltiptext="Inform the software community with the made changes">
        None
      </Notify_software_community_with_the_made_modification>
      <Rename_modified_software tooltiptext="Rename modified software with different names to distinguish it from the original software">
        None
      </Rename_modified_software>
      <Mark_modified_source_versions tooltiptext="Modified source versions must be marked to distinguish them from the original software">
        None
      </Mark_modified_source_versions>
    </Track_contirbutions>
    <Make_modification_accessible tooltiptext=" ">
      <Share_through_technological_medium tooltiptext="The modification must be accessible in the public domain i.e.: archive site, webblogs or mailing groups etc...">
        None
      </Share_through_technological_medium>
      <Include_modification_in_the_standard_version_or_future_versions tooltiptext="The copyright holder may include the modification in the standard version">
        None
      </Include_modification_in_the_standard_version_or_future_versions>
      <Make_arrangement_with_copyright_holder tooltiptext="The user make distribution arrangements with copyright holder">
        None
      </Make_arrangement_with_copyright_holder>
      <Send_unpublished_modifications_to_initial_developer tooltiptext="The initial developer may request unpublished modifications">
        None
      </Send_unpublished_modifications_to_initial_developer>
    </Make_modification_accessible>
  </Modification_terms>
  <Coping_terms>
    <Include_copy_of_the_license tooltiptext="Include a copy of the license with the code">
      True
    </Include_copy_of_the_license>
    <Include_copyright_notice tooltiptext="Include copyright notice with the code">
      True
    </Include_copyright_notice>
    <Include_notice tooltiptext="The license specifies a specific notices that the user have to add in the software">
      None
    </Include_notice>
    <Include_attributions tooltiptext="">
      <Include_acknowledgement_to_license_creator tooltiptext="Include acknowledgement to license creator">
        None
      </Include_acknowledgement_to_license_creator>
      <Include_initial_developer_name tooltiptext="Include the name of the initial developer of the original code">
        None
      </Include_initial_developer_name>
    </Include_attributions>
    <Include_third_party_intellectual_property_claims tooltiptext="The user may track third party intellectual property claims">
      None
    </Include_third_party_intellectual_property_claims>
    <Mention_disclaimer_of_warranty_and_limitation_of_liability tooltiptext="Software is provided without warranty and the software author cannot be held liable for damages">
      True
    </Mention_disclaimer_of_warranty_and_limitation_of_liability>
    <Mention_disclaimer_of_high_risk_activities tooltiptext="Licensor and contributors disclaim any warranty for high risk activity">
      None
    </Mention_disclaimer_of_high_risk_activities>
  </Coping_terms>
  <Distribution_terms>
    <Distributed_product_form tooltiptext="">
      <Object_code tooltiptext="The object code is available when distributing the software">
        True
      </Object_code>
      <Source_code tooltiptext="The source code is available when distributing the software">
        True
      </Source_code>
    </Distributed_product_form>
    <Support_for_source_code tooltiptext="">
      <Physical_meduim tooltiptext="The user may distribute the software on a physical medium">
        None
      </Physical_meduim>
      <Network_server tooltiptext="">
        <Mean_of_access tooltiptext="">
          <Directions tooltiptext="The user may provide clear directions next to the object code to say where to find the source code">
            None
          </Directions>
          <Link tooltiptext="The user may find the source code through a link on a website or an archive site">
            None
          </Link>
        </Mean_of_access>
        <Period_of_access tooltiptext="">
          <Available_at_least_six_months tooltiptext="Modifications must remain available at least six months after the date it initially became available">
            None
          </Available_at_least_six_months>
          <Available_as_much_as_the_code_is_deployed tooltiptext="Modifications must remain available as long as you externally deploy the modified code">
            None
          </Available_as_much_as_the_code_is_deployed>
          <Available_at_least_twelve_months tooltiptext="Modifications must remain available at least twelve months after the date it initially became available or from the date of initial external deployment">
            None
          </Available_at_least_twelve_months>
          <Available_at_least_three_years tooltiptext="Modifications must remain available at least three years in order to get the digital copy of the covered code">
            None
          </Available_at_least_three_years>
        </Period_of_access>
      </Network_server>
      <Peer_to_peer tooltiptext="The user may distribute the source code or object code using peer-to-peer transmission">
        None
      </Peer_to_peer>
    </Support_for_source_code>
    <Distributed_product_nature tooltiptext="">
      <Library tooltiptext="This license is related to a library">
        None
      </Library>
      <Combined_work_with_a_library tooltiptext="The user may make combine a work with a library">
        None
      </Combined_work_with_a_library>
      <Combined_work_with_a_framework tooltiptext="The user may combine a work with a framework">
        None
      </Combined_work_with_a_framework>
      <Whole_software tooltiptext="This license is related to the whole software">
        True
      </Whole_software>
      <Portion_of_software tooltiptext="This license is related to a portion of the software">
        None
      </Portion_of_software>
      <File_containing_code_from_the_software tooltiptext="This license is related to a file containing code from the software
">
        None
      </File_containing_code_from_the_software>
    </Distributed_product_nature>
    <Distribution_requirements tooltiptext="">
      <Provide_the_source_code_of_software_when_it_is_shared_over_network tooltiptext="Users who interact with the software via network are given the right to receive a copy of the corresponding source code (network use is distribution)">
        None
      </Provide_the_source_code_of_software_when_it_is_shared_over_network>
      <Provide_the_base_elements_required_to_build_source_code tooltiptext="Provide the base code of the framework which is required to build the source code">
        None
      </Provide_the_base_elements_required_to_build_source_code>
      <Provide_source_code_of_the_library tooltiptext="">
        <Accompany_the_work_with_written_offer tooltiptext="The user may accompany the work with written offer to get the source code of the library">
          None
        </Accompany_the_work_with_written_offer>
        <Accompany_the_work_with_source_code_of_library tooltiptext="The user may accompany the work with the source code of the library">
          None
        </Accompany_the_work_with_source_code_of_library>
        <Offer_access_to_a_copy tooltiptext="The user may offer access to copy the source code">
          None
        </Offer_access_to_a_copy>
      </Provide_source_code_of_the_library>
      <Link_the_library_with_suitable_shared_mechanism tooltiptext="The user may use a suitable shared mechanism to link with the library">
        None
      </Link_the_library_with_suitable_shared_mechanism>
      <Provide_installation_information tooltiptext="The user must include the installation information necessary to modify and reinstall the software">
        None
      </Provide_installation_information>
      <The_recipient_can_identify_the_contributor tooltiptext="Recipients are able to identify the originator of the contribution since each contributor identify itself as the originator of its contribution">
        None
      </The_recipient_can_identify_the_contributor>
    </Distribution_requirements>
  </Distribution_terms>
  <License_modification_terms>
    <Allow_to_add_terms tooltiptext="">
      <Add_predefined_terms tooltiptext="">
        <Permissive_terms tooltiptext="">
          <Disclaiming_warranty_or_limiting_liability_differently tooltiptext="The user may mention the disclaimer of warranty or the limItation of liability with a different manner">
            None
          </Disclaiming_warranty_or_limiting_liability_differently>
          <Requiring_preservation_of_legal_notices_or_author_attributions_in_the_added_work_to_the_software tooltiptext="The user may conserve legal notices or author attributions in the material or in the appropriate legal notices">
            None
          </Requiring_preservation_of_legal_notices_or_author_attributions_in_the_added_work_to_the_software>
          <Prohibiting_misrepresentation_of_the_added_work_to_the_software tooltiptext="The user may prohibit misrepresentation of the material">
            None
          </Prohibiting_misrepresentation_of_the_added_work_to_the_software>
          <Limiting_the_use_for_publicity_purposes_of_names_of_licensors_or_authors_of_the_added_work_to_the_software tooltiptext="The user may limit the use for publicity purposes of names of licensors or authors of the material">
            None
          </Limiting_the_use_for_publicity_purposes_of_names_of_licensors_or_authors_of_the_added_work_to_the_software>
          <Declining_to_grant_rights_of_trademarks tooltiptext="The user may decline to grant rights under trademark law">
            None
          </Declining_to_grant_rights_of_trademarks>
          <Requiring_indemnification_of_licensors_and_authors_of_added_work_to_software_by_its_distributor tooltiptext="The user may require indemnification of licensors and authors of the material by anyone who conveys the material">
            None
          </Requiring_indemnification_of_licensors_and_authors_of_added_work_to_software_by_its_distributor>
        </Permissive_terms>
        <Applicable_parts tooltiptext="">
          <Applicable_to_a_part_of_the_program tooltiptext="The additional permissive terms may be applicable to a part of the program">
            None
          </Applicable_to_a_part_of_the_program>
          <Applicable_to_the_whole_program tooltiptext="The additional permissive terms may be applicable to the whole program
">
            None
          </Applicable_to_the_whole_program>
        </Applicable_parts>
      </Add_predefined_terms>
      <Add_non_predefined_terms tooltiptext="The user may add further restrictions which are called additional non permissive terms">
        None
      </Add_non_predefined_terms>
    </Allow_to_add_terms>
    <Allow_to_modify_terms tooltiptext="The user can provide additional or different license terms and conditions for use, reproduction, or distribution of covered code">
      None
    </Allow_to_modify_terms>
  </License_modification_terms>
  <Tolerance_licenses_terms>
    <Basics_of_tolerance_licenses tooltiptext="">
      <Have_to_release_unmodified_software_under_same_license tooltiptext="The unmodied software must be released under the same license">
        None
      </Have_to_release_unmodified_software_under_same_license>
      <Can_release_unmodified_software_under_another_compatible_license tooltiptext="The unmodied software can be released under another compatible license">
        True
      </Can_release_unmodified_software_under_another_compatible_license>
      <Have_to_release_modified_software_under_same_license tooltiptext="The modied software must be released under the same license">
        None
      </Have_to_release_modified_software_under_same_license>
      <Can_release_modified_software_under_another_compatible_license tooltiptext="The modied software can be released under another compatible license">
        True
      </Can_release_modified_software_under_another_compatible_license>
      <Can_link_or_combine_the_software_with_software_released_under_another_license tooltiptext="The software can be linked or combined with a work released under another license">
        True
      </Can_link_or_combine_the_software_with_software_released_under_another_license>
      <Can_release_combined_software_under_another_license tooltiptext="The resulted software can be released under another license">
        True
      </Can_release_combined_software_under_another_license>
    </Basics_of_tolerance_licenses>
    <Additional_tolerance_licenses tooltiptext="">
      <Can_release_object_code_under_another_license tooltiptext="The object code of the software can be released under another license">
        None
      </Can_release_object_code_under_another_license>
      <Can_release_modified_software_under_multiple_licenses tooltiptext="The software can be released under multiple licenses">
        None
      </Can_release_modified_software_under_multiple_licenses>
      <Have_to_release_file_containing_code_from_the_software_under_same_license tooltiptext="The file containing code from the software must be released under the same license">
        None
      </Have_to_release_file_containing_code_from_the_software_under_same_license>
    </Additional_tolerance_licenses>
    <Tolerance_license_exceptions tooltiptext="">
      <Incompatibility_exception tooltiptext="">
        <Is_Incompatible_With_AGPL3 tooltiptext="">
          None
        </Is_Incompatible_With_AGPL3>
        <Is_Incompatible_With_GPL2 tooltiptext="">
          None
        </Is_Incompatible_With_GPL2>
        <Is_Incompatible_With_GPL3 tooltiptext="">
          None
        </Is_Incompatible_With_GPL3>
        <Is_Incompatible_With_LGPL2.1 tooltiptext="">
          None
        </Is_Incompatible_With_LGPL2.1>
        <Is_Incompatible_With_LGPL3 tooltiptext="">
          None
        </Is_Incompatible_With_LGPL3>
      </Incompatibility_exception>
      <Compatibility_exception tooltiptext="">
        <Is_Compatible_With_AGPL3 tooltiptext="">
          None
        </Is_Compatible_With_AGPL3>
        <Is_Compatible_With_GPL3 tooltiptext="">
          None
        </Is_Compatible_With_GPL3>
        <Is_Compatible_With_GPL2 tooltiptext="">
          None
        </Is_Compatible_With_GPL2>
        <Is_Compatible_With_OSL2.1 tooltiptext="">
          None
        </Is_Compatible_With_OSL2.1>
        <Is_Compatible_With_OSL3 tooltiptext="">
          None
        </Is_Compatible_With_OSL3>
        <Is_Compatible_With_CECILL2.1 tooltiptext="">
          None
        </Is_Compatible_With_CECILL2.1>
        <Is_Compatible_With_LiLiQ-R-1.1 tooltiptext="">
          None
        </Is_Compatible_With_LiLiQ-R-1.1>
        <Is_Compatible_With_LGPL3 tooltiptext="">
          None
        </Is_Compatible_With_LGPL3>
        <Is_Compatible_With_LGPL2.1 tooltiptext="">
          None
        </Is_Compatible_With_LGPL2.1>
        <Is_Compatible_With_MPL2 tooltiptext="">
          None
        </Is_Compatible_With_MPL2>
        <Is_Compatible_With_CPL1 tooltiptext="">
          None
        </Is_Compatible_With_CPL1>
        <Is_Compatible_With_EPL1 tooltiptext="">
          None
        </Is_Compatible_With_EPL1>
        <Is_Compatible_With_CDDL tooltiptext="">
          None
        </Is_Compatible_With_CDDL>
        <Is_Compatible_With_AFL tooltiptext="">
          None
        </Is_Compatible_With_AFL>
        <Is_Compatible_With_Apache tooltiptext="">
          None
        </Is_Compatible_With_Apache>
        <Is_Compatible_With_APSL tooltiptext="">
          None
        </Is_Compatible_With_APSL>
        <Is_Compatible_With_Artistic tooltiptext="">
          None
        </Is_Compatible_With_Artistic>
        <Is_Compatible_With_AAL tooltiptext="">
          None
        </Is_Compatible_With_AAL>
        <Is_Compatible_With_BSD tooltiptext="">
          None
        </Is_Compatible_With_BSD>
        <Is_Compatible_With_Eiffel tooltiptext="">
          None
        </Is_Compatible_With_Eiffel>
        <Is_Compatible_With_IBM tooltiptext="">
          None
        </Is_Compatible_With_IBM>
        <Is_Compatible_With_Intel tooltiptext="">
          None
        </Is_Compatible_With_Intel>
        <Is_Compatible_With_Jabber tooltiptext="">
          None
        </Is_Compatible_With_Jabber>
        <Is_Compatible_With_MIT tooltiptext="">
          None
        </Is_Compatible_With_MIT>
        <Is_Compatible_With_MITRE tooltiptext="">
          None
        </Is_Compatible_With_MITRE>
        <Is_Compatible_With_Motosoto tooltiptext="">
          None
        </Is_Compatible_With_Motosoto>
        <Is_Compatible_With_MPL1 tooltiptext="">
          None
        </Is_Compatible_With_MPL1>
        <Is_Compatible_With_MPL1.1 tooltiptext="">
          None
        </Is_Compatible_With_MPL1.1>
        <Is_Compatible_With_Nokia tooltiptext="">
          None
        </Is_Compatible_With_Nokia>
        <Is_Compatible_With_OGTSL tooltiptext="">
          None
        </Is_Compatible_With_OGTSL>
        <Is_Compatible_With_Python tooltiptext="">
          None
        </Is_Compatible_With_Python>
        <Is_Compatible_With_RSCPL tooltiptext="">
          None
        </Is_Compatible_With_RSCPL>
        <Is_Compatible_With_SISSL tooltiptext="">
          None
        </Is_Compatible_With_SISSL>
        <Is_Compatible_With_SPL tooltiptext="">
          None
        </Is_Compatible_With_SPL>
        <Is_Compatible_With_NCSA tooltiptext="">
          None
        </Is_Compatible_With_NCSA>
        <Is_Compatible_With_VSL tooltiptext="">
          None
        </Is_Compatible_With_VSL>
        <Is_Compatible_With_W3C tooltiptext="">
          None
        </Is_Compatible_With_W3C>
        <Is_Compatible_With_X.Net tooltiptext="">
          None
        </Is_Compatible_With_X.Net>
        <Is_Compatible_With_ZPL tooltiptext="">
          None
        </Is_Compatible_With_ZPL>
        <Is_Compatible_With_Zlib tooltiptext="">
          None
        </Is_Compatible_With_Zlib>
        <Is_Compatible_With_CERN-S tooltiptext="">
          None
        </Is_Compatible_With_CERN-S>
        <Is_Compatible_With_CERN-W tooltiptext="">
          None
        </Is_Compatible_With_CERN-W>
      </Compatibility_exception>
    </Tolerance_license_exceptions>
    <Sublicense_tolerance_terms tooltiptext="">
      <Grant_license_to_software tooltiptext="The user may grant a license to the software">
        None
      </Grant_license_to_software>
      <Extend_license_to_software tooltiptext="The user may extend a license to the software">
        None
      </Extend_license_to_software>
    </Sublicense_tolerance_terms>
  </Tolerance_licenses_terms>
  <License_termination_terms>
    <Termination_cause tooltiptext="">
      <License_terms_infringement tooltiptext="License is infringed in case of patent infringement or license violation
">
        None
      </License_terms_infringement>
      <Patent_litigation tooltiptext="">
        <Against_contributor tooltiptext="Existence of patent litigation terminate patent licenses on the date the litigation is filed against contributor, against any entity or against licensor">
          None
        </Against_contributor>
        <Against_any_entity tooltiptext="Existence of patent litigation terminate patent licenses on the date the litigation is filed against contributor, against any entity or against licensor">
          None
        </Against_any_entity>
        <Against_licensor tooltiptext="Existence of patent litigation terminate patent licenses on the date the litigation is filed against contributor, against any entity or against licensor">
          None
        </Against_licensor>
      </Patent_litigation>
      <Inconsistency_with_regulations tooltiptext="This feature is applied in case of inability to comply to the license terms">
        None
      </Inconsistency_with_regulations>
    </Termination_cause>
    <Termination_consequence tooltiptext="">
      <Require_to_include_limitations_and_affected_code_in_software_copies tooltiptext="This feature describes the limItations done by the user and the code they affect">
        None
      </Require_to_include_limitations_and_affected_code_in_software_copies>
      <Make_a_payment_arrangement tooltiptext="The user may make a payment arrangement with the Licensor or contributor">
        None
      </Make_a_payment_arrangement>
      <Terminate_license tooltiptext="If the license can’t comply with terms of the license or cant cure the breach within a period of time then s/he will be deprived from using the OSS">
        None
      </Terminate_license>
      <Terminate_patent tooltiptext="If license can’t respect patent terms or starts a patent litigation against a licensor or contributor then all OSS patent shall terminate">
        None
      </Terminate_patent>
    </Termination_consequence>
  </License_termination_terms>
  <Litigation_terms>
    <Licensee_shall_claim_compensation_for_any_loss_proved_against_the_licensor tooltiptext="Each licensee shall claim compensation for any loss proved against the licensor">
      None
    </Licensee_shall_claim_compensation_for_any_loss_proved_against_the_licensor>
    <Legal_entity_indemnify_their_contributors tooltiptext="Any legal entity has the right to indemnify the contributors">
      None
    </Legal_entity_indemnify_their_contributors>
    <Prevailing_party_shall_recover_attorneys_fees_and_costs tooltiptext="The main party shall recover attorneys fees and costs">
      None
    </Prevailing_party_shall_recover_attorneys_fees_and_costs>
  </Litigation_terms>
  <Protection_terms>
    <Prohibit_using_trademarks tooltiptext="This license explicitly states that it does not grant you trademark rights, even though licenses without such a statement probably do not grant you any implicit trademark rights">
      None
    </Prohibit_using_trademarks>
    <Protect_users_legal_rights_from_anti_circumvention_law  tooltiptext="">
      <Forbid_tivoization tooltiptext="The license allows to reinforce the protection of the freedom of the Libre">
        None
      </Forbid_tivoization>
      <Forbid_digital_management_rights tooltiptext="The license allows to reinforce the protection of the freedom of the Libre">
        None
      </Forbid_digital_management_rights>
    </Protect_users_legal_rights_from_anti_circumvention_law>
  </Protection_terms>
  <Articulation_with_patent_terms>
    <Distribution_with_patent_terms tooltiptext="">
      <Do_not_distribute_software_if_patent_and_licenses_are_inconsistent tooltiptext="If there are obligations from a patent license in disagree with the license then there are no distribution">
        None
      </Do_not_distribute_software_if_patent_and_licenses_are_inconsistent>
      <May_exclude_countries_if_distribution_or_use_is_restricted_in_them tooltiptext="If there are countries which restrict the use and the distribution then the user may exclude them">
        None
      </May_exclude_countries_if_distribution_or_use_is_restricted_in_them>
    </Distribution_with_patent_terms>
    <Patent_grant tooltiptext="">
      <Grant_patent_license_to_user tooltiptext="Licensor may give patent license">
        None
      </Grant_patent_license_to_user>
      <Grant_patent_license_to_institution_and_universities tooltiptext="Patent license in institution and universities may be granted">
        None
      </Grant_patent_license_to_institution_and_universities>
    </Patent_grant>
  </Articulation_with_patent_terms>
  <Charging_terms>
    <May_charge_a_fee_for_warranty_protection tooltiptext="The user may offer a warranty protection with a charge">
      None
    </May_charge_a_fee_for_warranty_protection>
    <May_charge_an_unlimited_amount_for_copy_transfer tooltiptext="The user may charge for a copy transfer with an unlimited fee">
      None
    </May_charge_an_unlimited_amount_for_copy_transfer>
    <May_charge_fees_for_copy_transfer_not_exceeding_source_distribution tooltiptext="The user may offer source code for a charge not exceeding the physical source distribution">
      None
    </May_charge_fees_for_copy_transfer_not_exceeding_source_distribution>
    <May_charge_the_value_added_services tooltiptext="The user may charge fees for added services">
      None
    </May_charge_the_value_added_services>
  </Charging_terms>
</License_feature>